{"val_loss": [1.53577664068767, 1.4052700672973548, 1.336271932654834, 1.2599179008660788, 1.2202117460995388, 1.186742822547346, 1.154936423848661, 1.1432817019812809, 1.098807714675004, 1.0835780948271334, 1.097649952057158, 1.041950784849659, 1.0893622998108377, 1.0582334725231974, 1.02433661014763, 1.02267946032078, 1.011953584963929, 1.01470388752365, 0.973211820054626, 0.961408383065791, 0.9536732942925061, 0.9887303532082646, 0.9631501695077153, 0.9486941160476473, 0.9547355651373258, 0.9648241017878108, 0.9375485332671427, 0.9193575137338691, 0.9658876406564357, 0.9213025037731443, 0.9183275952431481, 0.8975933366206229, 0.9365777536748772, 0.9283883896427877, 0.9175471574954992, 0.933101178765538, 0.938524052522252, 0.9461043960646514, 0.8998381541974625, 0.9381810225733647, 0.8881501129695347, 0.8803206309181044, 0.8667848028223214, 0.8847887556148519, 0.8840818567552927, 0.8803389896653492, 0.8892746193496452, 0.8878974566326014, 0.8802762860354231, 0.8819421974436736, 0.8847282920156522, 0.8842181546672235, 0.8841038868455521, 0.885413091880536, 0.8863388702415449, 0.8743445281863936, 0.8858211469491828, 0.878748348237324, 0.8778575284051882, 0.8809290581771109, 0.8772050951208387, 0.8708859977781411, 0.8603162119943811, 0.8777594657448529, 0.8770333836961088, 0.8710316600946979, 0.8779772855115399, 0.875313548606381, 0.8767339235456374, 0.8799844044407336, 0.8766698623213317, 0.8782377913917154, 0.8769452559469202, 0.878039302999179, 0.8805118055400115], "val_acc": [0.392578125, 0.4403351632562272, 0.46662814215975185, 0.4989887315847735, 0.5235481075178299, 0.5368390638629883, 0.5521525570687377, 0.5585091014502194, 0.5718000577953777, 0.5853799480263534, 0.5715111239870585, 0.5980930367290406, 0.5798902051774658, 0.5928922277143049, 0.6050274487486881, 0.6084946547585118, 0.6102282577634237, 0.6168737359489191, 0.6229413464661108, 0.6347876336405092, 0.6376769720078617, 0.6272753539783904, 0.6399884426810775, 0.6463449870151993, 0.6420109795201414, 0.6333429644697492, 0.6408552441835335, 0.6524125975496127, 0.6405663103321597, 0.65234375, 0.6550130020569804, 0.6610806125741719, 0.647789656203181, 0.6547240682056067, 0.6567466050618923, 0.6581912742326522, 0.6515457960471567, 0.646344987032421, 0.6619474140594062, 0.6553019358911324, 0.6693638392857143, 0.6740826350937893, 0.6784166426232907, 0.6723490321060992, 0.6717711644377953, 0.675816238115923, 0.6697486275987313, 0.6761051719500749, 0.6784166426060689, 0.6769719734525309, 0.678994510274373, 0.675238370447619, 0.6732158335913333, 0.6761051719500749, 0.6726379659402512, 0.6810170471306586, 0.6752383704303971, 0.675816238115923, 0.6813059809648105, 0.678127708771917, 0.6833147321428571, 0.6841953192891085, 0.6885293268013882, 0.6839063854549565, 0.6821727824500446, 0.6844842531232606, 0.6818838486158927, 0.6824617162841966, 0.6821727824500446, 0.6815949147817407, 0.6836174516208046, 0.6815949147817407, 0.6824617162841966, 0.6830395839525006, 0.6801502456109808], "loss": [2.1789051022912775, 1.6837667186625347, 1.5162457247685655, 1.4156479997926186, 1.356446334673465, 1.3043460742049453, 1.2687939678803897, 1.235594687837737, 1.2104762164278706, 1.186993980386026, 1.1686920184401075, 1.1440043557178632, 1.1195299821138374, 1.1070779212430994, 1.0965559871138104, 1.0819169827010748, 1.0678103623999653, 1.0524816797894188, 1.0462523975547826, 1.0298746759448307, 1.0244945620252548, 1.0100464930432091, 1.004330924506084, 0.9919088891920501, 0.9888995584562024, 0.978578984808302, 0.9700914642604027, 0.9596462921880031, 0.9520692264077328, 0.9491630478651202, 0.9395019129001545, 0.9388773951523449, 0.9312612718545816, 0.9179481031041229, 0.9091353761253479, 0.9087257422250037, 0.8993214260939141, 0.8999361863125781, 0.890462092572724, 0.8829615510251214, 0.8593745452484914, 0.8505769446917109, 0.8473599454695172, 0.8324258057875353, 0.8334578886074981, 0.830391797720437, 0.821327464045239, 0.8191212821589037, 0.8211234845026834, 0.8153686071350628, 0.8203197806590808, 0.8143959616816847, 0.809525307587632, 0.8113723863585535, 0.807261066608443, 0.8017101923491204, 0.805021837843269, 0.7965171030908589, 0.7928386759209102, 0.8050998871225343, 0.7923583478799888, 0.7925608478647379, 0.7901216101969253, 0.7939649540583626, 0.7895628898091882, 0.7965684530658355, 0.7903473251432599, 0.7963954788903769, 0.7928799090506894, 0.7978440072468399, 0.7903569779560475, 0.7999457414747682, 0.7917482756629066, 0.7860798809060456, 0.7966965043335389], "acc": [0.24658203125, 0.340960778144537, 0.3939680207120184, 0.43952275988586903, 0.46856303139804173, 0.492879885231146, 0.5082047514218337, 0.5215002974253965, 0.536020433147594, 0.5483363073057601, 0.5555438927854861, 0.5661453413002336, 0.5790910044759496, 0.5831846331166135, 0.5878030859849706, 0.5965151674230856, 0.6023582099683682, 0.6044575067602692, 0.6109303383345718, 0.6139043420495857, 0.6165634512208932, 0.6271299114567143, 0.6270949232340952, 0.6312935167052823, 0.63545712186209, 0.6378713131017663, 0.6438543087773533, 0.6451488751456017, 0.646583394560736, 0.6534061089576715, 0.6576047024580551, 0.6561701829866133, 0.659424092920527, 0.6653021238073, 0.6704104124888685, 0.6707602952927323, 0.6688359399517715, 0.6704104125034667, 0.6732444631027744, 0.6758685840368647, 0.6873604910714286, 0.6895140128390775, 0.6948672195148411, 0.6988208950064313, 0.6956369616303708, 0.7001504495701877, 0.7027045939735358, 0.7060984570294121, 0.7017249221844468, 0.7054686679878794, 0.7032294181720324, 0.7038941954507825, 0.7101221091205647, 0.708337706880712, 0.7101570973431838, 0.7121164409630711, 0.7126412651678241, 0.7135509604345129, 0.7150554564137568, 0.7092823903700197, 0.7121930803571429, 0.7155103040544003, 0.7154753157546191, 0.7171197648912784, 0.715580280633108, 0.712851194835127, 0.7156502571909611, 0.7144606557074581, 0.7163500227486377, 0.7107169098623163, 0.7138308666659254, 0.7094923200644337, 0.7160001399385174, 0.7160351281965894, 0.7150204681285738]}